{"meta": {"tickers": ["SPY", "QQQ"], "dte_days": 21, "wing": 5.0, "p_tail": 0.2, "slip_bps": 20.0, "fee_per_contract": 0.65, "start": "2015-10-26", "end": "2025-10-26"}, "equity": [{"date": "2025-10-26", "equity": 0.0}], "summaries": {"ticker": {"0": "SPY", "1": "QQQ"}, "pnl": {"0": 129225.25853398757, "1": 322779.2707322048}, "trades": {"0": 499, "1": 499}, "wins": {"0": 405, "1": 402}, "ret_pct": {"0": 129.22525853398756, "1": 322.77927073220474}, "max_dd": {"0": -0.3740785679480971, "1": -0.31170100324709865}}}