{"meta": {"tickers": ["SPY", "QQQ"], "dte_days": 21, "wing": 5.0, "p_tail": 0.2, "slip_bps": 20.0, "fee_per_contract": 0.65, "start": "2020-10-26", "end": "2025-10-26"}, "equity": [{"date": "2025-10-26", "equity": 0.0}], "summaries": {"ticker": {"0": "SPY", "1": "QQQ"}, "pnl": {"0": 14378.369450287442, "1": 24623.008399089245}, "trades": {"0": 247, "1": 247}, "wins": {"0": 198, "1": 194}, "ret_pct": {"0": 14.378369450287442, "1": 24.623008399089244}, "max_dd": {"0": -0.34777790477571624, "1": -0.18558009785379465}}}